_id,userId,courseId,contentId,title,note,tags,createdOn,updatedOn,isDeleted
5968a1d580b8bc000163a528,1234567,1234565678,12345656758, title 3,My notes 3,"[""tags 1""]",2017-07-14T10:49:57.505Z,,FALSE
59693afb605e9a0001e9dfd6,1234567,1234565678,12345656758, title 3,My notes 3,"[""tags 1""]",2017-07-14T21:43:23.960Z,,FALSE
596e60ce7cace000013cc4b7,ecb93d66-8d53-4ad2-8dcb-ce04eb983798,do_212282810256941056178,,Sunbird Note 1,"The sunbirds and spiderhunters make up a family, Nectariniidae, of passerine birds. They are small, slender passerines from the Old World, usually with downward-curved bills. Many are brightly coloured, often with iridescent feathers, particularly in the males. Many species also have especially long tail feathers. Their range extends through most of Africa to the Middle East, South Asia, South-east Asia and southern China, to Indonesia, New Guinea and northern Australia. Species diversity is highest in equatorial regions.

There are 132 species in 15 genera. Most sunbirds feed largely on nectar, but will also eat insects and spiders, especially when feeding their young. Flowers that prevent access to their nectar because of their shape (for example, very long and narrow flowers are simply punctured at the base near the nectaries, from which the birds sip the nectar. Fruit is also part of the diet of some species. Their flight is fast and direct, thanks to their short wings.

The sunbirds have counterparts in two very distantly related groups: the hummingbirds of the Americas and the honeyeaters of Australia. The resemblances are due to convergent evolution brought about by a similar nectar-feeding lifestyle.[1] Some sunbird species can take nectar by hovering like a hummingbird, but they usually perch to feed.",[],2017-07-18T19:26:06.374Z,,FALSE
596ee80b30e8240001635a61,ca8fb15e-0e5a-43f3-96f2-2e15742b7f45,do_212282810555342848180,do_212216610159968256113,Note 1,**strong text**,[],2017-07-19T05:03:07.841Z,,FALSE
596f25ee30e8240001635a63,07aed82b-2a55-4e5d-bd22-36efb0e9d615,do_212282810555342848180,do_212216610159968256113,noite 1,sssss,[],2017-07-19T09:27:10.024Z,,FALSE
596f9f1430e8240001635a64,ecb93d66-8d53-4ad2-8dcb-ce04eb983798,,do_212217290209730560120,Scored 100%,Similar test be suggested and used by others,[],2017-07-19T18:04:04.858Z,,FALSE
597038f830e8240001635a65,e7bbff12-8c2a-4d0a-aa29-0f89edfcb9c5,do_212282810555342848180,do_212216610159968256113,ffsdfsdfsdfsdfsdfs,fsdfsdf,[],2017-07-20T05:00:40.875Z,,FALSE
5970395c30e8240001635a66,e7bbff12-8c2a-4d0a-aa29-0f89edfcb9c5,do_212282810555342848180,do_212216610159968256113,dfsfsdfsdf,fdgvfcg dgdfhttps://staging.open-sunbird.org/private/index#!/profile,[],2017-07-20T05:02:20.698Z,,FALSE
5970396730e8240001635a67,e7bbff12-8c2a-4d0a-aa29-0f89edfcb9c5,do_212282810555342848180,do_212216610159968256113,https://staging.open-sunbird.org/private/index#!/profile,https://staging.open-sunbird.org/private/index#!/profile,[],2017-07-20T05:02:31.242Z,,FALSE
597039e830e8240001635a68,e7bbff12-8c2a-4d0a-aa29-0f89edfcb9c5,do_212282810555342848180,do_212216610159968256113,now1,now,[],2017-07-20T05:04:40.943Z,,FALSE
597039f330e8240001635a69,e7bbff12-8c2a-4d0a-aa29-0f89edfcb9c5,do_212282810555342848180,do_212216610159968256113,now 2,now 2,[],2017-07-20T05:04:51.444Z,,FALSE
59703a1030e8240001635a6a,e7bbff12-8c2a-4d0a-aa29-0f89edfcb9c5,do_212282810555342848180,do_212216610159968256113,now 3,now 3,[],2017-07-20T05:05:20.206Z,,FALSE
59705d81001d200001095db8,6a7299e2-41c3-4a6a-b75a-22c326c211ff,do_212282810555342848180,do_212216610159968256113,jkjkkl,mnlkjlk,[],2017-07-20T07:36:33.750Z,,FALSE
597167999e866200010b902f,8964a7ab-4712-464c-8b19-cb87221cfcfa,do_212292720862715904142,,Test NoteAAAAA,"The sunbirds and spiderhunters make up a family, Nectariniidae, of passerine birds. They are small, slender passerines from the Old World, usually with downward-curved bills. Many are brightly coloured, often with iridescent feathers, particularly in the males. Many species also have especially long tail feathers. Their range extends through most of Africa to the Middle East, South Asia, South-east Asia and southern China, to Indonesia, New Guinea and northern Australia. Species diversity is highest in equatorial regions.

There are 132 species in 15 genera. Most sunbirds feed largely on nectar, but will also eat insects and spiders, especially when feeding their young. Flowers that prevent access to their nectar because of their shape (for example, very long and narrow flowers are simply punctured at the base near the nectaries, from which the birds sip the nectar. Fruit is also part of the diet of some species. Their flight is fast and direct, thanks to their short wings.

The sunbirds have counterparts in two very distantly related groups: the hummingbirds of the Americas and the honeyeaters of Australia. The resemblances are due to convergent evolution brought about by a similar nectar-feeding lifestyle.[1] Some sunbird species can take nectar by hovering like a hummingbird, but they usually perch to feed.",[],2017-07-21T02:31:53.466Z,,FALSE
597175ac9e866200010b9030,8964a7ab-4712-464c-8b19-cb87221cfcfa,do_212292720862715904142,do_20047090,Test Notes,Test Notes,[],2017-07-21T03:31:56.680Z,,FALSE
5971d85f9e866200010b9031,8964a7ab-4712-464c-8b19-cb87221cfcfa,do_212292781238452224152,,girl,"It’s too dark!” she argued when shown a perfectly acceptable one, according to mum.
“It’s too boring!” she cried when mum tried to convince her about a very sensible option she had recommended.
Mum had given up trying to convince her of anything and they were walking home, frustrated at the wasted morning. The newly descending fog just added to the gloom. She looked down the alley to where Lucy was pointing.",[],2017-07-21T10:33:03.037Z,,FALSE
5971e1d39e866200010b9032,8964a7ab-4712-464c-8b19-cb87221cfcfa,do_2122931469935493121136,,N1,N1,[],2017-07-21T11:13:23.490Z,,FALSE
5971e1dc9e866200010b9033,8964a7ab-4712-464c-8b19-cb87221cfcfa,do_2122931469935493121136,,N2,2,[],2017-07-21T11:13:32.676Z,,FALSE
5971e1e89e866200010b9034,8964a7ab-4712-464c-8b19-cb87221cfcfa,do_2122931469935493121136,,N3,3,[],2017-07-21T11:13:44.130Z,,FALSE
5971e1f09e866200010b9035,8964a7ab-4712-464c-8b19-cb87221cfcfa,do_2122931469935493121136,,N4,4,[],2017-07-21T11:13:52.162Z,,FALSE
5971e2139e866200010b9036,8964a7ab-4712-464c-8b19-cb87221cfcfa,do_2122931469935493121136,,N5,5,[],2017-07-21T11:14:27.775Z,,FALSE
5971eafe9e866200010b9037,784c732a-e03f-4b85-bc04-8a58ee1be6aa,do_2122867365871943681194,,screen,s,[],2017-07-21T11:52:30.682Z,,FALSE
5975dd8f9c05a10001957812,ecb93d66-8d53-4ad2-8dcb-ce04eb983798,do_212282810256941056178,do_2122528241634754561234,Kinda interesting,whats this,[],2017-07-24T11:44:15.324Z,,FALSE
5975e0ed9c05a10001957813,ecb93d66-8d53-4ad2-8dcb-ce04eb983798,do_212282810256941056178,do_2122432175175761921186,note 2,Here's a smaple note.,[],2017-07-24T11:58:37.582Z,,FALSE
5976c15aa9e30b0001971c65,8c44ad33-34dd-4291-a1b2-1061cc4d75c4,,do_20052842,Test,test,[],2017-07-25T03:56:10.784Z,,FALSE
5977555aee20880001251c4c,0915208f-3b77-4eca-ba27-58f0b2d81019,,do_20052842,Test34,1234,[],2017-07-25T14:27:38.896Z,,FALSE
5978a7b2ee20880001251c4d,944d23ab-46ba-45f7-ac9a-0e332fc8dce5,,do_20043627,jkjkj,kjkj,[],2017-07-26T14:31:14.976Z,,FALSE
5979981f3ba2da0001f5eebf,0915208f-3b77-4eca-ba27-58f0b2d81019,,do_2122161647443476481281,test,test,[],2017-07-27T07:37:03.964Z,,FALSE
597998393ba2da0001f5eec0,0915208f-3b77-4eca-ba27-58f0b2d81019,,do_30013486,Test update,Testt,[],2017-07-27T07:37:29.702Z,,FALSE
5979984f3ba2da0001f5eec1,0915208f-3b77-4eca-ba27-58f0b2d81019,do_212282810555342848180,do_2122432175175761921186,New Note,New,[],2017-07-27T07:37:51.284Z,,FALSE
5979985c3ba2da0001f5eec2,0915208f-3b77-4eca-ba27-58f0b2d81019,do_212282810555342848180,do_2122432175175761921186,1,3,[],2017-07-27T07:38:04.799Z,,FALSE
5979986e3ba2da0001f5eec3,0915208f-3b77-4eca-ba27-58f0b2d81019,do_212282810555342848180,,5,6,[],2017-07-27T07:38:22.323Z,,FALSE
597b12c3cd861e000193140b,613bedaa-19c6-4f90-8fc0-1b9ed3b866a2,do_212296625948319744173,,Testnote,testing,[],2017-07-28T10:32:35.856Z,,FALSE
597f0a83725a490001d7d40b,0915208f-3b77-4eca-ba27-58f0b2d81019,do_2123000999568752641219,,Note1,Note1,[],2017-07-31T10:46:27.877Z,,FALSE
597f0acb725a490001d7d40c,0915208f-3b77-4eca-ba27-58f0b2d81019,do_2123000999568752641219,do_212265445709848576118,C1,C1,[],2017-07-31T10:47:39.279Z,,FALSE
597f1811725a490001d7d40e,0915208f-3b77-4eca-ba27-58f0b2d81019,do_2122951809560002561251,do_2122951778195865601246,Market Inputs : Meeting Invitaion,ok...........,[],2017-07-31T11:44:17.794Z,,FALSE
5988363e6e34080001280b17,0915208f-3b77-4eca-ba27-58f0b2d81019,do_212300234602971136120,do_212178412953821184120,note,note not added,[],2017-08-07T09:43:26.509Z,,FALSE
598836526e34080001280b18,0915208f-3b77-4eca-ba27-58f0b2d81019,do_212300234602971136120,do_212178412953821184120,note 2,note 2,[],2017-08-07T09:43:46.825Z,,FALSE
5988b395cbda570001c855c8,0915208f-3b77-4eca-ba27-58f0b2d81019,do_2123000999568752641219,do_20046116,Title,Description,[],2017-08-07T18:38:13.157Z,,FALSE
598d3512c5ccb60001404d45,0915208f-3b77-4eca-ba27-58f0b2d81019,,do_20044433,ewerwe,werwerwrwe,[],2017-08-11T04:39:46.226Z,,FALSE
598d3531c5ccb60001404d46,0915208f-3b77-4eca-ba27-58f0b2d81019,,do_20043627,wrwerwe,werwerwerwe,[],2017-08-11T04:40:17.274Z,,FALSE
598d35dbc5ccb60001404d47,0915208f-3b77-4eca-ba27-58f0b2d81019,,do_20043627,fsdsdsf,fdsfsdf,[],2017-08-11T04:43:07.975Z,,FALSE
598d35f4c5ccb60001404d48,0915208f-3b77-4eca-ba27-58f0b2d81019,,do_20043627,sdfsdfs,dsfsdfsdfsdfs,[],2017-08-11T04:43:32.286Z,,FALSE
598d35fdc5ccb60001404d49,0915208f-3b77-4eca-ba27-58f0b2d81019,,do_20043627,wewerwerwerwe,rwerwerwerwerwe,[],2017-08-11T04:43:41.315Z,,FALSE
598d3609c5ccb60001404d4a,0915208f-3b77-4eca-ba27-58f0b2d81019,,do_20043627,gsgfdgdfg,dfgdfgdfgdf,[],2017-08-11T04:43:53.826Z,,FALSE
598d3625c5ccb60001404d4b,0915208f-3b77-4eca-ba27-58f0b2d81019,,do_20043627,1`1,1,[],2017-08-11T04:44:21.537Z,,FALSE
598d3880c5ccb60001404d4c,064c0b3d-eb1c-4a12-aeeb-3f65bbb2a8d3,,do_30032277,Note,Note,[],2017-08-11T04:54:24.029Z,,FALSE
599941c45640c0000120e6af,fbb16dbb-469f-4a1c-a64f-11f25f0a5e08,,do_2123143396291133441148,note,nnnn,[],2017-08-20T08:01:08.429Z,,FALSE
599980c45640c0000120e6b0,db705067-0516-483f-bc6a-aa57d44b51b9,do_21229665263726592014,,1,fdsf,[],2017-08-20T12:29:56.857Z,,FALSE
599a61515640c0000120e6b1,dba37d67-ed11-4824-bee3-bed665f237af,,do_30013510,Test Note,Test description,[],2017-08-21T04:28:01.323Z,,FALSE
599a61755640c0000120e6b2,dba37d67-ed11-4824-bee3-bed665f237af,,do_30013509,Test Note,Notes,[],2017-08-21T04:28:37.107Z,,FALSE
599a640e5640c0000120e6b3,dba37d67-ed11-4824-bee3-bed665f237af,,do_30013509,Test,Testsdgsdgdfg,[],2017-08-21T04:39:42.035Z,,FALSE
599a6cb35640c0000120e6b4,fbb16dbb-469f-4a1c-a64f-11f25f0a5e08,,do_30013510,test,test,[],2017-08-21T05:16:35.622Z,,FALSE
599a99435640c0000120e6b5,dba37d67-ed11-4824-bee3-bed665f237af,do_21231295967811174417,do_2122162576275701761294,dasda,dasd,[],2017-08-21T08:26:43.464Z,,FALSE
599aa9a05640c0000120e6b6,e654c117-81c9-4acf-bee4-0eb9943587f0,do_212312897236066304117,,hfgh,hgfhfgh,[],2017-08-21T09:36:32.526Z,,FALSE
599aa9af5640c0000120e6b7,e654c117-81c9-4acf-bee4-0eb9943587f0,,do_20047090,hfghfh,hfgh,[],2017-08-21T09:36:47.337Z,,FALSE
599ab8845640c0000120e6b8,9608d921-5f22-4ce7-9b19-d7950e1b2528,do_2123138572751912961138,do_20047090,test,test,[],2017-08-21T10:40:04.270Z,,FALSE
599b0a7a5640c0000120e6b9,55dba7dc-88f3-4a7c-93fc-d9b9a2b95edd,do_212313579799609344156,,hjhjh,hjhj,[],2017-08-21T16:29:46.663Z,,FALSE
599c0c0a5640c0000120e6bb,fcc60c6f-578e-4c5e-8257-6eaca81fb62b,,do_2123073460161249281249,bad,bad,[],2017-08-22T10:48:42.326Z,,FALSE
599cfcc45640c0000120e6bc,2bc099bc-4c64-4826-83f6-d292f2a82012,do_2123163419216117761353,,fdsfdsf,fdsfsf,[],2017-08-23T03:55:48.385Z,,FALSE
599d17a65640c0000120e6bd,fcc60c6f-578e-4c5e-8257-6eaca81fb62b,,do_20044433,note,kisadsadsadsad,[],2017-08-23T05:50:30.088Z,,FALSE
599d17e55640c0000120e6be,fcc60c6f-578e-4c5e-8257-6eaca81fb62b,do_21229665429644083218,,dadadad,dadadadad,[],2017-08-23T05:51:33.926Z,,FALSE
599d18765640c0000120e6bf,fcc60c6f-578e-4c5e-8257-6eaca81fb62b,,do_212295919848210432184,sasaS,SAsSSaaSASASASA,[],2017-08-23T05:53:58.244Z,,FALSE
599d23765640c0000120e6c0,ebec55da-7bd5-4e48-b895-34630e16975f,do_2123163551322849281354,do_2122951778195865601246,xzxzxzxzxz,xzxzxz,[],2017-08-23T06:40:54.997Z,,FALSE
599d23c15640c0000120e6c1,ebec55da-7bd5-4e48-b895-34630e16975f,do_2123163551322849281354,do_2122951778195865601246,sds,sd,[],2017-08-23T06:42:09.438Z,,FALSE
599d24045640c0000120e6c2,ebec55da-7bd5-4e48-b895-34630e16975f,do_2123163551322849281354,do_2122162678233579521298,kk,hh,[],2017-08-23T06:43:16.262Z,,FALSE
599d24775640c0000120e6c3,ebec55da-7bd5-4e48-b895-34630e16975f,do_2123163551322849281354,do_20045620,fdsfsd,fsdf,[],2017-08-23T06:45:11.504Z,,FALSE
59a4fe7b96eb0d000156e389,fcc60c6f-578e-4c5e-8257-6eaca81fb62b,do_2123138572751912961138,,vhvhv,"nj,b nm",[],2017-08-29T05:41:15.658Z,,FALSE
59a4fea796eb0d000156e38a,fcc60c6f-578e-4c5e-8257-6eaca81fb62b,do_2123138572751912961138,,bv b n,"vhb,aqwhb",[],2017-08-29T05:41:59.852Z,,FALSE
59a4feb496eb0d000156e38b,fcc60c6f-578e-4c5e-8257-6eaca81fb62b,do_2123138572751912961138,,vvn n,qazxswedcv,[],2017-08-29T05:42:12.569Z,,FALSE
59a4fec696eb0d000156e38c,fcc60c6f-578e-4c5e-8257-6eaca81fb62b,do_2123138572751912961138,,rtyuui,gggbbb,[],2017-08-29T05:42:30.661Z,,FALSE
59a683dd96eb0d000156e38e,2aade7d9-6abf-433b-9a05-3b02cd2eb664,,do_212295888406224896127,m,n,[],2017-08-30T09:22:37.520Z,,FALSE
59a683e996eb0d000156e38f,2aade7d9-6abf-433b-9a05-3b02cd2eb664,,do_212295888406224896127,n,n,[],2017-08-30T09:22:49.281Z,,FALSE
59a683f396eb0d000156e390,2aade7d9-6abf-433b-9a05-3b02cd2eb664,,do_212295888406224896127,m,m,[],2017-08-30T09:22:59.806Z,,FALSE
59a6995f96eb0d000156e391,ebec55da-7bd5-4e48-b895-34630e16975f,do_2123164561966202881387,,<script>alert(1;</script>,"<script>alert(1;</script>

<script>alert(1;</script>",[],2017-08-30T10:54:23.018Z,,FALSE
59a69f3a96eb0d000156e392,2bc099bc-4c64-4826-83f6-d292f2a82012,,do_2123165408517406721432,Test,test,[],2017-08-30T11:19:22.946Z,,FALSE
59a7ce4496eb0d000156e394,be9e7184-dffd-45af-9e3c-147fdf2c771d,do_2123215323635384321882,do_2122952599231856641325,Note1,Note1,[],2017-08-31T08:52:20.106Z,,FALSE
59a7cee796eb0d000156e395,be9e7184-dffd-45af-9e3c-147fdf2c771d,do_2123215323635384321882,do_2122952599231856641325,Note61,Note61,[],2017-08-31T08:55:03.755Z,,FALSE
59a7d0be96eb0d000156e396,be9e7184-dffd-45af-9e3c-147fdf2c771d,do_2123215323635384321882,do_2122952599231856641325,Note1,Note1,[],2017-08-31T09:02:54.062Z,,FALSE
59a7d12296eb0d000156e397,be9e7184-dffd-45af-9e3c-147fdf2c771d,do_2123215323635384321882,do_2122952599231856641325,Note2,Note2,[],2017-08-31T09:04:34.900Z,,FALSE
59a7d18296eb0d000156e398,be9e7184-dffd-45af-9e3c-147fdf2c771d,do_2123215323635384321882,do_2122952599231856641325,Note3,Note3,[],2017-08-31T09:06:10.586Z,,FALSE
59a7d1de96eb0d000156e399,be9e7184-dffd-45af-9e3c-147fdf2c771d,do_2123215323635384321882,do_2122952599231856641325,Note5,Note5,[],2017-08-31T09:07:42.116Z,,FALSE
59a7d25b96eb0d000156e39a,be9e7184-dffd-45af-9e3c-147fdf2c771d,do_2123215323635384321882,do_2122952599231856641325,Note6,Note6,[],2017-08-31T09:09:47.651Z,,FALSE
59a7dce496eb0d000156e39b,be9e7184-dffd-45af-9e3c-147fdf2c771d,do_2123215323635384321882,do_2122952599231856641325,Note6,Note6,[],2017-08-31T09:54:44.472Z,,FALSE
59a7dd3296eb0d000156e39c,be9e7184-dffd-45af-9e3c-147fdf2c771d,do_2123215323635384321882,do_2122952599231856641325,Note6,Note6,[],2017-08-31T09:56:02.596Z,,FALSE
59b224da2e8d950001a15294,2aade7d9-6abf-433b-9a05-3b02cd2eb664,do_2123277035616337921104,domain_4083,dd,dddd,[],2017-09-08T05:04:26.101Z,,FALSE
59b2357f5fdcd10001251fb8,2aade7d9-6abf-433b-9a05-3b02cd2eb664,do_2123200404256931841636,do_2123164671596052481388,aa,aaa,[],2017-09-08T06:15:27.043Z,,FALSE
59b7aabf5fdcd10001251fb9,dba37d67-ed11-4824-bee3-bed665f237af,do_212306471794638848176,,Test,Test,[],2017-09-12T09:37:03.101Z,,FALSE
59b7e77d5fdcd10001251fba,dba37d67-ed11-4824-bee3-bed665f237af,do_212306471794638848176,,test,Test,[],2017-09-12T13:56:13.716Z,,FALSE
59b80e8be737a90001875ac4,1234567,1234565678,12345656758, title 3,My notes 3,"[""tags 1""]",2017-09-12T16:42:51.580Z,,FALSE
59ba179ae737a90001875ac5,107240bc-918c-4e42-9545-4f8d596ee24e,do_2122951809560002561251,do_2122951778195865601246,Note Title,Note description,[],2017-09-14T05:46:02.758Z,,FALSE
59bb84885fdcd10001251fbb,d882967f-b3e1-456b-b984-d800470837ab,,do_2123208084832829441775,Note 1,Des,[],2017-09-15T07:43:04.060Z,,FALSE
59bb84b3e737a90001875ac6,d882967f-b3e1-456b-b984-d800470837ab,,do_2123208084832829441775,abc,desc,[],2017-09-15T07:43:47.924Z,,FALSE
59bb84cde737a90001875ac7,d882967f-b3e1-456b-b984-d800470837ab,,do_2123208084832829441775,efg,desc,[],2017-09-15T07:44:13.398Z,,FALSE
59bbdb6a5fdcd10001251fbe,1234567,1234565678,12345656758,updated title,My notes1 update 1,"[""tag1""]",2017-09-15T13:53:46.761Z,,FALSE
59c142ec5fdcd10001251fbf,be7efb23-6af9-4d92-82b3-a4d78fcfa2f6,do_2123215064116756481869,do_2123347975635599361299, title 3,My notes 3,"[""tags 1""]",2017-09-19T16:16:44.029Z,,FALSE